<?xml version="1.0"?>
<?xml-stylesheet type="text/xsl" href="configuration.xsl"?>
<configuration>
    <property>
            <name>dfs.namenode.name.dir</name>
            <value>/usr/hadoop-3.3.3/data/nameNode</value>
    </property>
    <property>
            <name>dfs.datanode.data.dir</name>
            <value>/usr/hadoop-3.3.3/data/dataNode</value>
    </property>
    <property>
        <name>dfs.namenode.http-address</name>
        <value>master:50070</value>
    </property>
    <property>
            <name>dfs.replication</name>
            <value>2</value>
    </property>
</configuration>