<?xml version="1.0"?>
<?xml-stylesheet type="text/xsl" href="configuration.xsl"?>
<configuration>
    <property>
        <name>mapreduce.framework.name</name>
        <value>yarn</value>
    </property>
    <property>
        <name>yarn.app.mapreduce.am.env</name>
        <value>HADOOP_MAPRED_HOME=$HADOOP_HOME</value>
    </property>
    <property>
        <name>mapreduce.map.env</name>
        <value>HADOOP_MAPRED_HOME=$HADOOP_HOME</value>
    </property>
    <property>
        <name>mapreduce.reduce.env</name>
        <value>HADOOP_MAPRED_HOME=$HADOOP_HOME</value>
    </property>
    <property>
        <name>mapreduce.map.memory.mb</name>
        <value>750</value>
    </property>
    <property>
        <name>mapreduce.reduce.memory.mb</name>
        <value>1500</value>
    </property>
    <property>
        <name>mapreduce.map.java.opts</name>
        <value>-Xmx600m</value>
    </property>
    <property>
        <name>mapreduce.reduce.java.opts</name>
        <value>-Xmx1200m</value>
    </property>
    <property>
        <name>yarn.app.mapreduce.am.resource.mb</name>
        <value>1500</value>
    </property>
    <property>
        <name>yarn.app.mapreduce.am.command-opts</name>
        <value>-Xmx1200m</value>
    </property>
</configuration>