<?xml version="1.0"?>
<?xml-stylesheet type="text/xsl" href="configuration.xsl"?>
<configuration>
        <property>
                <name>yarn.acl.enable</name>
                <value>0</value>
        </property>
        <property>
                <name>yarn.resourcemanager.hostname</name>
                <value>master</value>
        </property>
        <property>
                <name>yarn.nodemanager.aux-services</name>
                <value>mapreduce_shuffle</value>
        </property>
        <property>
                <name>yarn.nodemanager.resource.cpu-vcores</name>
                <value>1</value>
        </property>
        <property>
                <name>yarn.nodemanager.resource.memory-mb</name>
                <value>1500</value>
        </property>
        <property>
                <name>yarn.scheduler.minimum-allocation-mb</name>
                <value>750</value>
        </property>
        <property>
                <name>yarn.scheduler.maximum-allocation-mb</name>
                <value>1500</value>
        </property>
        <property>
                <name>yarn.nodemanager.vmem-check-enabled</name>
                <value>false</value>
        </property>
        <property>
                <name>yarn.nodemanager.disk-health-checker.max-disk-utilization-per-disk-percentage</name>
                <value>99.0</value>
        </property>
        <property>
                <name>yarn.resourcemanager.address</name>
                <value>master:8032</value>
        </property>
        <property>
                <name>yarn.resourcemanager.scheduler.address</name>
                <value>master:8030</value>
        </property>
        <property>
                <name>yarn.resourcemanager.resource-tracker.address</name>
                <value>master:8031</value>
        </property>
</configuration>